<?xml version="1.0" encoding="UTF-8"?>
<project-private xmlns="http://www.netbeans.org/ns/project-private/1">
    <editor-bookmarks xmlns="http://www.netbeans.org/ns/editor-bookmarks/1"/>
    <editor-bookmarks xmlns="http://www.netbeans.org/ns/editor-bookmarks/2" lastBookmarkId="0"/>
    <open-files xmlns="http://www.netbeans.org/ns/projectui-open-files/2">
        <group>
            <file>file:/C:/Users/Invate/Documents/Junaed/Enterpize%20application%20technology/Coursework/supplied_code_coursework_CS3160/src/java/model/LessonSelection.java</file>
            <file>file:/C:/Users/Invate/Documents/Junaed/Enterpize%20application%20technology/Coursework/supplied_code_coursework_CS3160/src/java/model/Users.java</file>
            <file>file:/C:/Users/Invate/Documents/Junaed/Enterpize%20application%20technology/Coursework/supplied_code_coursework_CS3160/src/java/model/Lesson.java</file>
            <file>file:/C:/Users/Invate/Documents/Junaed/Enterpize%20application%20technology/Coursework/supplied_code_coursework_CS3160/src/java/model/LessonTimetable.java</file>
        </group>
    </open-files>
</project-private>
